FirstName, LastName, AccountName, Email, Phone
Jitendra, Bafna, A_Account, jitendra@gmail.com, (423)767-346 
Jeevan, Jo, B_Account, jitendra1@gmail.com, (623)767-8346 
Aditya, Jam, C_Account, jitendra2@gmail.com, (523)767-4346 
Ajay, Bo, D_Account, jitendra3@gmail.com, (723)767-0346 
Sachin, Kim, E_Account, jitendra4@gmail.com, (823)767-2346 
Ram, Burny, F_Account, jitendra5@gmail.com, (923)767-7346 
Deepak, Sade, G_Account, jitendra6@gmail.com, (423)767-1341 
Pravin, Bana, K_Account, jitendra7@gmail.com, (423)767-3462 
Rakesh, Bafo, L_Account, jitendra8@gmail.com, (423)767-3463 
Ravi, fona, M_Account, jitendra9@gmail.com, (423)767-3464 
Vjay, Wiko, N_Account, jitendra10@gmail.com, (423)767-3465 
Jitesh, Fuli, O_Account, jitendra11@gmail.com, (423)767-3466 
Sourabh, Yagan, P_Account, jitendra12@gmail.com, (423)767-3467